node	lower_bad	upper_bad	lower_corrected	upper_corrected
NODE52	-27772.57213631765	1996.3916440700223	1996.3917784891978	1996.3917784891978
NODE469	-11770184.271255618	-11760265.897670262	1996.0001344191755	1996.0001344191755
NODE479	-11615610.223595435	-11605694.639159603	1926.5709079289675	1926.5709079289675
NODE503	-8218838.050590791	-8208983.779302323	1813.398534955026	1813.398534955026
NODE505	-8218292.183767791	-8208437.9292594725	1838.0572727169065	1838.0572727169065
NODE506	-8217746.294447686	-8207892.05155963	1856.8728390911613	1856.8728390911613
NODE527	-8270374.976307044	-8260519.774303254	1858.6032770044862	1858.6032770044862
NODE528	-8269829.064319175	-8259973.880504803	1885.0486317169834	1885.0486317169834
NODE534	-7706199.4796945	-7696354.471441581	1898.4373415339498	1898.4373415339498
