Perfect_X	Perfect_Y
0	0
0.928192	0.928192
