clade	coefficient	raw_p_value	n	corrected_p_value	reject
all	0.27399920636881236	0.004	49	0.008	True
1.PRE	0.27399913821768396	0.004	49	0.008	True
